NAME,LATITUDE,LONGITUDE,TYPE
Caernarvon,53.6091251,-113.5285944,Ball Diamond
St Mark,53.56824269,-113.5540897,Ball Diamond
Hairsine,53.60499881,-113.3944506,Ball Diamond
Argyll,53.50585563,-113.4615568,Ball Diamond
John Paul I,53.47081585,-113.4262172,Ball Diamond
Rundle Heights,53.56268039,-113.3919392,Ball Diamond
Callingwood Park,53.50800451,-113.6259061,Ball Diamond
Laurier Park,53.51180428,-113.5472127,Ball Diamond
Sherwood,53.5322734,-113.5848294,Ball Diamond
Coronation Park,53.56335036,-113.5599223,Ball Diamond
John Paul I,53.47159113,-113.4254657,Ball Diamond
Eastwood,53.57418577,-113.4644319,Ball Diamond
Pollard Meadows,53.44899333,-113.4070148,Ball Diamond
Lauderdale,53.58926694,-113.5020793,Ball Diamond
Kiniski Gardens,53.47863759,-113.4088579,Ball Diamond
Fraser,53.61049255,-113.3755381,Ball Diamond
Wedgewood Heights,53.47969454,-113.6464841,Ball Diamond
Gold Bar,53.55086365,-113.4143263,Ball Diamond
Our Lady of Peace,53.5558071,-113.5976672,Ball Diamond
Kaskitayo,53.449093,-113.5106616,Ball Diamond
JA Fife,53.61279107,-113.462052,Ball Diamond
Maude Bell,53.51343299,-113.4401256,Ball Diamond
Gold Bar,53.55063524,-113.4153651,Ball Diamond
Pkdale,53.56874975,-113.4726555,Ball Diamond
Horse Hills,53.65675296,-113.3407305,Ball Diamond
St Brendan,53.52939193,-113.4246885,Ball Diamond
HE Beriault,53.51482163,-113.6078375,Ball Diamond
Ritchie,53.51128873,-113.4820081,Ball Diamond
Callingwood Park,53.50808576,-113.621447,Ball Diamond
Ellerslie Park,53.43044408,-113.4579675,Ball Diamond
Lymburn,53.5075696,-113.6466079,Ball Diamond
St Monica,53.49226494,-113.5743616,Ball Diamond
Overlander,53.5824359,-113.3886375,Ball Diamond
Glengarry,53.59527068,-113.4860042,Ball Diamond
St John Bosco,53.62089867,-113.459189,Ball Diamond
St Bernard,53.53427222,-113.4395188,Ball Diamond
Sherwood,53.53214656,-113.5842837,Ball Diamond
Lorelei,53.62326982,-113.5032347,Ball Diamond
Potter Greens,53.51828089,-113.6767223,Ball Diamond
Grace Martin,53.47010201,-113.4589402,Ball Diamond
LaPerle E,53.53299754,-113.6366639,Ball Diamond
St Francis Xavier,53.53071229,-113.6056829,Ball Diamond
Bearspaw,53.4436843,-113.5009355,Ball Diamond
RJ Scott,53.56982539,-113.4020421,Ball Diamond
Afton,53.52759961,-113.6084484,Ball Diamond
JC Bowen,53.61030525,-113.4742952,Ball Diamond
Holyrood,53.53187944,-113.4497855,Ball Diamond
Edith Rogers,53.47540546,-113.4566137,Ball Diamond
The Hamptons,53.49339331,-113.686985,Ball Diamond
St Gerard,53.5813431,-113.4701629,Ball Diamond
Katherine Therrien,53.61127834,-113.5303256,Ball Diamond
Eastglen,53.56910257,-113.4471463,Ball Diamond
Duggan,53.47192276,-113.5091111,Ball Diamond
Argyll Park,53.50580467,-113.4662966,Ball Diamond
Cumberland,53.6105869,-113.5457542,Ball Diamond
Allin Pk,53.53280859,-113.5951667,Ball Diamond
Meyokumin,53.44939214,-113.4285257,Ball Diamond
Rio Terrace,53.50954769,-113.586734,Ball Diamond
LaPerle W,53.53160147,-113.6462233,Ball Diamond
St Bernard,53.53367736,-113.4381985,Ball Diamond
Confederation,53.48199734,-113.5189295,Ball Diamond
Calder,53.58934266,-113.5258268,Ball Diamond
Hairsine,53.60441082,-113.3942307,Ball Diamond
Hollick Kenyon,53.62107587,-113.4233468,Ball Diamond
Blue Quill,53.46087882,-113.5242715,Ball Diamond
Greenview,53.4760498,-113.4274768,Ball Diamond
Floden Pk,53.5638507,-113.4044133,Ball Diamond
Sakaw,53.44268061,-113.429306,Ball Diamond
Sifton,53.59584252,-113.4092753,Ball Diamond
Maple Ridge,53.50549963,-113.3685868,Ball Diamond
Lynnwood,53.51607117,-113.5882114,Ball Diamond
Hillcrest,53.51544723,-113.6060874,Ball Diamond
St Mary,53.47540765,-113.5880297,Ball Diamond
Lady Of Fatima,53.5373416,-113.5927913,Ball Diamond
JJ Bowlen,53.60684514,-113.436146,Ball Diamond
St Patrick,53.57427369,-113.4901666,Ball Diamond
McArthur,53.59727553,-113.5487455,Ball Diamond
Minchau,53.46855217,-113.4057796,Ball Diamond
Ormsby Place,53.49852159,-113.6373061,Ball Diamond
Callingwood Park,53.50672067,-113.625287,Ball Diamond
Capilano Park,53.55994258,-113.4222298,Ball Diamond
High Park,53.55718219,-113.5858994,Ball Diamond
St Benedict,53.52533963,-113.630366,Ball Diamond
Confederation,53.48229917,-113.520125,Ball Diamond
Mill Woods Park,53.45554126,-113.4403284,Ball Diamond
Frere Antoine,53.46023658,-113.4512046,Ball Diamond
Grand Trunk,53.58889697,-113.5121971,Ball Diamond
Anne Fitzgerald,53.59426489,-113.3812945,Ball Diamond
St Richard,53.44787503,-113.4277221,Ball Diamond
McKernan,53.51350929,-113.5231936,Ball Diamond
Rundle Park,53.55914473,-113.3854414,Ball Diamond
Donnan,53.51496715,-113.4592751,Ball Diamond
Alex Taylor,53.54610248,-113.4772953,Ball Diamond
Grand Trunk,53.58852576,-113.5102205,Ball Diamond
Belmead,53.52667798,-113.6366835,Ball Diamond
Airway Park,53.56300697,-113.5154919,Ball Diamond
JC Bowen,53.61109026,-113.4741801,Ball Diamond
Mill Woods Park,53.45516701,-113.4428696,Ball Diamond
Greenfield,53.47311366,-113.5245283,Ball Diamond
Rosslyn,53.59462629,-113.514075,Ball Diamond
Good Shepherd,53.49023501,-113.6370314,Ball Diamond
WP Wagner,53.49906362,-113.455394,Ball Diamond
St Francis Xavier,53.52904058,-113.6070197,Ball Diamond
Blue Quill,53.4602746,-113.5244503,Ball Diamond
Bearspaw,53.44340274,-113.5003963,Ball Diamond
Hollick Kenyon,53.62066674,-113.4223898,Ball Diamond
Belvedere,53.59528207,-113.4348948,Ball Diamond
Hurstwood,53.50270257,-113.3486379,Ball Diamond
St Matthew,53.59198359,-113.4740566,Ball Diamond
McLeod,53.60958593,-113.4279992,Ball Diamond
M A Kostek,53.48894053,-113.650649,Ball Diamond
St Vincent,53.54918612,-113.5605566,Ball Diamond
Kiniski Gardens,53.47916845,-113.4079301,Ball Diamond
Beacon Heights,53.57582079,-113.4125427,Ball Diamond
Duggan,53.47206402,-113.5075879,Ball Diamond
River Valley,53.53263315,-113.4945729,Ball Diamond
ME Lazerte,53.60769964,-113.4478294,Ball Diamond
Jackson Heights,53.48358084,-113.4072128,Ball Diamond
Westview Village,53.55411177,-113.6925238,Ball Diamond
Rundle Park,53.55608823,-113.3841027,Ball Diamond
Fulton Place,53.54571095,-113.4264855,Ball Diamond
George Luck,53.47317077,-113.576562,Ball Diamond
St Charles,53.63084413,-113.5030932,Ball Diamond
Clareview Park,53.60363538,-113.4065355,Ball Diamond
Casselman,53.61137367,-113.4194969,Ball Diamond
Forest Heights Park,53.54268527,-113.4586086,Ball Diamond
John Fry Park,53.46236998,-113.4765615,Ball Diamond
St Augustine,53.47353939,-113.5087532,Ball Diamond
Meadowlark,53.5248346,-113.5967504,Ball Diamond
Jasper Place,53.52470841,-113.6070454,Ball Diamond
Nellie Carlson,53.44390948,-113.5591472,Ball Diamond
Daly Grove,53.44832565,-113.4018644,Ball Diamond
Kirkness,53.61333698,-113.3905526,Ball Diamond
Sherbrooke,53.5766653,-113.547438,Ball Diamond
St Bernadette,53.57342632,-113.4022459,Ball Diamond
Michaels Park,53.48043997,-113.4489679,Ball Diamond
Balwin,53.59101165,-113.4503855,Ball Diamond
Winterburn,53.53602402,-113.6887374,Ball Diamond
Our Lady Of Victories,53.51470444,-113.5918466,Ball Diamond
Tipaskan,53.46250261,-113.4584687,Ball Diamond
Kirkness,53.61220043,-113.3893909,Ball Diamond
Meadowlark,53.52652685,-113.5961707,Ball Diamond
Evansdale,53.60976185,-113.4841905,Ball Diamond
Glastonbury,53.50549447,-113.6711287,Ball Diamond
Lymburn,53.50750832,-113.6439577,Ball Diamond
St Brides,53.54665016,-113.4443433,Ball Diamond
Daly Grove,53.44853082,-113.4025831,Ball Diamond
St Bedes,53.5495171,-113.4074162,Ball Diamond
Ermineskin,53.45854183,-113.5042582,Ball Diamond
Rutherford,53.52332525,-113.4693217,Ball Diamond
Oleskiw,53.49818425,-113.608392,Ball Diamond
Rundle Park,53.55675716,-113.3845551,Ball Diamond
JC Bowen,53.60973805,-113.4745479,Ball Diamond
Abbottsfield,53.57411813,-113.3914561,Ball Diamond
St Jerome,53.56155768,-113.3913711,Ball Diamond
Belgravia,53.51008319,-113.5328983,Ball Diamond
Londonderry,53.60594955,-113.4472804,Ball Diamond
Woodcroft,53.56750608,-113.5609332,Ball Diamond
Castle Downs,53.61874282,-113.5216192,Ball Diamond
Diamond Park,53.5366107,-113.4934084,Ball Diamond
Skyrattler,53.45136317,-113.5242181,Ball Diamond
Coronation Park,53.56363792,-113.5604055,Ball Diamond
St Richard,53.44697412,-113.4289168,Ball Diamond
Crawford Plains,53.4418075,-113.4064309,Ball Diamond
Borden Park,53.56261823,-113.4522928,Ball Diamond
JJ Bowlen,53.6060237,-113.4352906,Ball Diamond
Michaels Park,53.48033647,-113.4513565,Ball Diamond
Meyokumin,53.44977496,-113.4276859,Ball Diamond
Kirkness,53.61340777,-113.3924855,Ball Diamond
Argyll Park,53.50541413,-113.4650211,Ball Diamond
Glastonbury,53.50373368,-113.6732929,Ball Diamond
Athlone,53.58818126,-113.545791,Ball Diamond
Tipton,53.51692567,-113.5100552,Ball Diamond
Eastwood,53.57510087,-113.4645635,Ball Diamond
Blue Quill II,53.45744381,-113.5371272,Ball Diamond
Overlander,53.58339436,-113.3854173,Ball Diamond
Bishop Savaryn,53.62275381,-113.5063526,Ball Diamond
Prince Charles,53.57910614,-113.5391917,Ball Diamond
The Meadows,53.46106572,-113.3712388,Ball Diamond
Summerlea,53.52671288,-113.6256355,Ball Diamond
St Thomas More,53.53408284,-113.6071359,Ball Diamond
Glenora,53.54444136,-113.554799,Ball Diamond
Herb Link # 5 S,53.4626751,-113.4250561,Ball Diamond
Anne Fitzgerald,53.59484103,-113.3810961,Ball Diamond
Calder,53.58846866,-113.5260656,Ball Diamond
Lymburn,53.5075679,-113.6457767,Ball Diamond
Lansdowne,53.48787233,-113.544193,Ball Diamond
Blue Quill,53.45956414,-113.5220445,Ball Diamond
Westbrook,53.47446496,-113.5410488,Ball Diamond
LaPerle E,53.53348721,-113.6360458,Ball Diamond
Katherine Therrien,53.6102089,-113.531232,Ball Diamond
Miller,53.61329479,-113.4156501,Ball Diamond
Sakaw,53.44364075,-113.4294217,Ball Diamond
Coronation,53.55534127,-113.5585423,Ball Diamond
Henderson Est,53.46896016,-113.596766,Ball Diamond
Aldergrove,53.52115424,-113.635152,Ball Diamond
Lymburn,53.50751121,-113.6449895,Ball Diamond
Winterburn,53.53555173,-113.6909795,Ball Diamond
Kensington,53.59588141,-113.5296416,Ball Diamond
Callingwood Park,53.50458671,-113.6226705,Ball Diamond
McQueen,53.55502457,-113.5692129,Ball Diamond
Queen Mary Park,53.55649639,-113.5135015,Ball Diamond
Richard Secord,53.47772716,-113.5329063,Ball Diamond
John Fry Park,53.46238598,-113.4825679,Ball Diamond
Brander Gardens,53.49296895,-113.5764694,Ball Diamond
Dan Knott,53.44556262,-113.4564031,Ball Diamond
Ritchie,53.51052103,-113.4807882,Ball Diamond
Rosslyn,53.59326228,-113.5120301,Ball Diamond
Ellerslie,53.42726339,-113.4403793,Ball Diamond
St Lucy,53.62382542,-113.5275398,Ball Diamond
McKee,53.48703795,-113.5102201,Ball Diamond
Avalon,53.49309187,-113.5229078,Ball Diamond
Sweet Grass,53.46320002,-113.5257896,Ball Diamond
Monsignor Fee Otterson,53.41695065,-113.5208976,Ball Diamond
Thornecliffe,53.51677537,-113.6201244,Ball Diamond
Sakaw,53.4418097,-113.4284674,Ball Diamond
Capilano,53.55562672,-113.4248985,Ball Diamond
McLeod,53.6111466,-113.4301453,Ball Diamond
St Bernadette,53.57339789,-113.4023524,Ball Diamond
Bishop Savaryn,53.62294302,-113.5071594,Ball Diamond
Holyrood,53.53179491,-113.450487,Ball Diamond
Callingwood Park,53.50837165,-113.6254211,Ball Diamond
Callingwood Park,53.50757422,-113.6261672,Ball Diamond
Grovenor,53.54510865,-113.5668624,Ball Diamond
Parkallen,53.50458459,-113.5180819,Ball Diamond
Lansdowne,53.48710662,-113.5439413,Ball Diamond
Kildare,53.60545726,-113.4567354,Ball Diamond
Ottewell,53.53195614,-113.4378126,Ball Diamond
St Rose,53.52193454,-113.5693655,Ball Diamond
Lauderdale,53.5884326,-113.5016345,Ball Diamond
MLavallee,53.52694347,-113.4746928,Ball Diamond
Lago Lindo,53.63501016,-113.4856508,Ball Diamond
Holy Family,53.44676776,-113.4058916,Ball Diamond
Silver Berry E,53.45833035,-113.380986,Ball Diamond
The Meadows,53.45506875,-113.3715192,Ball Diamond
Eaux Claires,53.62201784,-113.4842445,Ball Diamond
JH Picard,53.50704903,-113.4839916,Ball Diamond
Abbottsfield,53.57486023,-113.3903133,Ball Diamond
Herb Link,53.62521469,-113.5324032,Ball Diamond
St. Thomas Aquinas,53.39868361,-113.5576067,Ball Diamond
Mill Creek,53.51531727,-113.4818876,Ball Diamond
Meyonohk,53.45632896,-113.4548672,Ball Diamond
Allin Pk,53.532817,-113.5968167,Ball Diamond
Sweet Grass,53.46313194,-113.5265225,Ball Diamond
Tevie Miller,53.50161119,-113.5256263,Ball Diamond
Ellerslie,53.42698873,-113.4411502,Ball Diamond
Velma E Baker,53.47943228,-113.3864577,Ball Diamond
St Theresa,53.45949871,-113.5294415,Ball Diamond
Keheewin,53.45110378,-113.504312,Ball Diamond
Archbishop Joseph MacNeil,53.46118193,-113.5784146,Ball Diamond
Ste Jeanne D'Arc,53.52056077,-113.4303823,Ball Diamond
St. Kateri,53.47457349,-113.4001724,Ball Diamond
LaPerle E,53.53366092,-113.6351445,Ball Diamond
St Maria Goretti,53.58556109,-113.4101125,Ball Diamond
St Kevin,53.53949795,-113.4561477,Ball Diamond
Queen Mary Park,53.55649508,-113.5146274,Ball Diamond
Malcolm Tweedle,53.47700488,-113.4554575,Ball Diamond
St Theresa,53.4591666,-113.5279337,Ball Diamond
Ermineskin,53.45741064,-113.5043058,Ball Diamond
Kensington,53.59545464,-113.5303096,Ball Diamond
Rundle Park,53.55799581,-113.3861254,Ball Diamond
Newton,53.57589083,-113.4288473,Ball Diamond
Balwin,53.58800844,-113.4580384,Ball Diamond
Jasper Place,53.52614634,-113.6061291,Ball Diamond
Lago Lindo,53.63621517,-113.4851167,Ball Diamond
St Kevin,53.53883476,-113.455504,Ball Diamond
Braemar,53.53062049,-113.4284068,Ball Diamond
Father Lacombe,53.59026003,-113.5052954,Ball Diamond
Gallagher Park,53.53583585,-113.4707888,Ball Diamond
St Francis of Assisi,53.58917696,-113.4440578,Ball Diamond
Hillview,53.46870643,-113.4285497,Ball Diamond
George Luck,53.47390538,-113.5761134,Ball Diamond
Airway Park,53.56199659,-113.5143005,Ball Diamond
Baturyn,53.63175453,-113.5069383,Ball Diamond
Terwillegar Towne,53.45015986,-113.5745858,Ball Diamond
Spruce Avenue,53.56536558,-113.4989626,Ball Diamond
Donnan Park,53.51594306,-113.4704021,Ball Diamond
Highlands,53.56880421,-113.4348806,Ball Diamond
River Valley,53.53325197,-113.4946995,Ball Diamond
Riverdale,53.54285966,-113.4682081,Ball Diamond
Goldstick,53.54538283,-113.404199,Ball Diamond
John Fry Park,53.46016365,-113.4808774,Ball Diamond
Oxford Pk,53.61939332,-113.5473722,Ball Diamond
Mount Pleasant,53.49424082,-113.5015562,Ball Diamond
A. Blair McPherson,53.46875277,-113.3589076,Ball Diamond
Victoria Park,53.53469379,-113.5154652,Ball Diamond
Westmount,53.56129035,-113.5472738,Ball Diamond
Lawton,53.56893506,-113.4052118,Ball Diamond
Evansdale,53.60978327,-113.4826389,Ball Diamond
Kinsmen,53.52876656,-113.5082808,Ball Diamond
Stratford,53.52099937,-113.5842585,Ball Diamond
St Paul,53.53372432,-113.5714088,Ball Diamond
Woodcroft,53.56831497,-113.5610726,Ball Diamond
Dr Margaret Ann Armour,53.42536804,-113.6027582,Ball Diamond
Strathearn,53.5308564,-113.4611648,Ball Diamond
River Valley,53.53300311,-113.4953028,Ball Diamond
,53.39842434,-113.5341494,Ball Diamond
Kernohan,53.59220403,-113.3828637,Ball Diamond
Malcolm Tweedle,53.47782032,-113.4567233,Ball Diamond
John Thompson,53.59118712,-113.5557698,Ball Diamond
Bannerman,53.60556574,-113.3803758,Ball Diamond
Westridge,53.50597885,-113.6032988,Ball Diamond
King Edward,53.52154961,-113.4935485,Ball Diamond
Kildare,53.60577238,-113.4569882,Ball Diamond
Kernohan,53.59216344,-113.3820057,Ball Diamond
St Anne,53.60465946,-113.4824953,Ball Diamond
Malmo,53.48420469,-113.530386,Ball Diamond
Pollard Meadows,53.44796807,-113.4094364,Ball Diamond
Bannerman,53.60376412,-113.3804913,Ball Diamond
Johnny Bright,53.42041902,-113.5336194,Ball Diamond
Floden Pk,53.56257291,-113.4050331,Ball Diamond
Twin Parks,53.50064388,-113.3683625,Ball Diamond
John Barnett,53.60879861,-113.4499129,Ball Diamond
Casselman,53.61092977,-113.4193915,Ball Diamond
Wild Rose,53.47133094,-113.3792638,Ball Diamond
Holy Cross,53.54716119,-113.5810144,Ball Diamond
Gold Bar,53.54961337,-113.4153061,Ball Diamond
Inglewood,53.56600505,-113.5389343,Ball Diamond
Kiniski Gardens,53.47963796,-113.4072077,Ball Diamond
Kirkness,53.61278934,-113.391443,Ball Diamond
McDougall,53.55503489,-113.5062107,Ball Diamond
Elmwood Community,53.58176228,-113.455613,Ball Diamond
Castle Downs,53.61720888,-113.5239548,Ball Diamond
Weinlos,53.46132725,-113.4143725,Ball Diamond
The Hamptons,53.48964499,-113.6855354,Ball Diamond
Primrose,53.51770644,-113.6498589,Ball Diamond
Matt Berry,53.62151009,-113.4322795,Ball Diamond
Belmont,53.59474774,-113.395397,Ball Diamond
Summerside W,53.42015059,-113.4644187,Ball Diamond
Parkview,53.52540341,-113.5691466,Ball Diamond
Father Leo Green,53.60846851,-113.4562782,Ball Diamond
LY Cairns,53.48449483,-113.5033268,Ball Diamond
Dovercourt,53.57601166,-113.5609919,Ball Diamond
Glendale,53.53609647,-113.6001557,Ball Diamond
Confederation,53.48115237,-113.5186291,Ball Diamond
Dovercourt,53.57568175,-113.5609215,Ball Diamond
Westmount,53.56073422,-113.5474589,Ball Diamond
Garneau,53.52268803,-113.5147011,Ball Diamond
Scona Annex,53.50852807,-113.5010453,Ball Diamond
Belvedere,53.5945368,-113.4348651,Ball Diamond
Kaskitayo,53.44915736,-113.512152,Ball Diamond
Hudson,53.60662711,-113.5539821,Ball Diamond
Westglen,53.55407758,-113.542008,Ball Diamond
Menisa,53.44371262,-113.4506956,Ball Diamond
Keheewin,53.45065689,-113.505128,Ball Diamond
Ritchie Park,53.51397431,-113.480635,Ball Diamond
Ramsey Heights,53.48225512,-113.5806776,Ball Diamond
Archbishop O'Leary,53.59424194,-113.4719499,Ball Diamond
Mill Creek,53.51592431,-113.4825733,Ball Diamond
ME Lazerte,53.60769993,-113.4497034,Ball Diamond
JA Fife,53.61283098,-113.4615245,Ball Diamond
John Fry Park,53.46163942,-113.478214,Ball Diamond
Poplar Park,53.62833166,-113.4695777,Ball Diamond
Borden Park,53.56339525,-113.4516695,Ball Diamond
Dunluce,53.62184306,-113.5249626,Ball Diamond
Glendale,53.53734865,-113.600544,Ball Diamond
Kameyosek,53.46061603,-113.4446444,Ball Diamond
Argyll Park,53.50501495,-113.4651449,Ball Diamond
York Park,53.60130705,-113.4323725,Ball Diamond
JC Bowen,53.61099101,-113.4757021,Ball Diamond
Goldstick,53.54649839,-113.4036533,Ball Diamond
Parkview,53.52510315,-113.56874,Ball Diamond
LaPerle W,53.53158761,-113.6472518,Ball Diamond
St Lucy,53.62460038,-113.5276753,Ball Diamond
Kiniski Gardens,53.48001779,-113.4063885,Ball Diamond
Silver Berry W,53.4589721,-113.3850634,Ball Diamond
Bessie Nichols,53.48657348,-113.66942,Ball Diamond
Steinhauer,53.46343911,-113.5077177,Ball Diamond
Satoo,53.44696752,-113.4594633,Ball Diamond
Ogilvie,53.46254383,-113.560639,Ball Diamond
Dickinsfield,53.60468473,-113.4786629,Ball Diamond
Mill Woods Park,53.45497928,-113.4395827,Ball Diamond
Lillian Osborne,53.45624577,-113.579984,Ball Diamond
Terrace Heights,53.53997521,-113.4366343,Ball Diamond
Highlands,53.56990106,-113.4342212,Ball Diamond
Sifton,53.59358732,-113.407931,Ball Diamond
Beaumaris,53.61799745,-113.4990195,Ball Diamond
Coronation Park,53.56480955,-113.5649294,Ball Diamond
Primrose,53.51728608,-113.6488018,Ball Diamond
Castle Downs,53.61907114,-113.5231204,Ball Diamond
Ozerna,53.62236258,-113.4503581,Ball Diamond
Blackmud Creek Park 1,53.4192129,-113.516,Ball Diamond
St Edmund,53.59049511,-113.5255994,Ball Diamond
Dovercourt,53.57502073,-113.5614396,Ball Diamond
Scott Robertson,53.59626329,-113.5032744,Ball Diamond
Greenview,53.47657546,-113.425782,Ball Diamond
St Benedict,53.52555682,-113.6343576,Ball Diamond
Grandview,53.49904348,-113.5459594,Ball Diamond
Earl Buxton,53.47353562,-113.5847349,Ball Diamond
LaPerle W,53.53313769,-113.642615,Ball Diamond
,53.52914923,-113.6807398,Ball Diamond
Pleasantview,53.49540544,-113.5100831,Ball Diamond
Rundle Park,53.55713986,-113.3828668,Ball Diamond
Riverdale,53.54320449,-113.4687041,Ball Diamond
Northmount,53.60348499,-113.4802791,Ball Diamond
Laurier Park,53.50965094,-113.5524286,Ball Diamond
Fraser,53.61098886,-113.3755047,Ball Diamond
Princeton,53.591066,-113.4584243,Ball Diamond
Mount Carmel,53.51313509,-113.5023806,Ball Diamond
Primrose,53.51740154,-113.6478023,Ball Diamond
John Fry Park,53.46241205,-113.48409,Ball Diamond
Bisset,53.46086956,-113.4009016,Ball Diamond
Archbishop O'Leary,53.59459233,-113.4748996,Ball Diamond
Norwood,53.56094158,-113.4878166,Ball Diamond
Velma E Baker,53.47971339,-113.3849392,Ball Diamond
St Elizabeth Seton,53.59550443,-113.3961624,Ball Diamond
LaPerle W,53.53194874,-113.6446709,Ball Diamond
Brintnell,53.6208839,-113.4056697,Ball Diamond
St Basil,53.56769593,-113.4966192,Ball Diamond
Youngstown,53.54538895,-113.6051232,Ball Diamond
Weinlos,53.46188741,-113.4145181,Ball Diamond
JA Fife,53.61346592,-113.4616257,Ball Diamond
St Angela,53.59538374,-113.5516378,Ball Diamond
Grand Trunk,53.59132493,-113.5097973,Ball Diamond
Capilano,53.55581774,-113.4239138,Ball Diamond
Herb Link,53.62539465,-113.5337968,Ball Diamond
Lady Prairies,53.4990749,-113.6238462,Ball Diamond
Clareview Park,53.60414908,-113.4050275,Ball Diamond
Donnan Park,53.51546405,-113.4716607,Ball Diamond
Jasper Place Jubilee Park,53.52801027,-113.6001467,Ball Diamond
Kameyosek,53.46080308,-113.4437383,Ball Diamond
Major General Griesbach,53.60549951,-113.4982586,Ball Diamond
St Elizabeth Seton,53.59522962,-113.3947845,Ball Diamond
Rosslyn,53.59464684,-113.5154677,Ball Diamond
Forest Heights,53.5437283,-113.4528977,Ball Diamond
John Fry Park,53.4611894,-113.4808961,Ball Diamond
Oleskiw,53.49875982,-113.608742,Ball Diamond
Glenora,53.54358367,-113.5556449,Ball Diamond
St Agnes W,53.49994778,-113.5053865,Ball Diamond
St Charles,53.63114261,-113.5025076,Ball Diamond
Ben Calf Robe,53.57116612,-113.4377544,Ball Diamond
Westmount,53.561891,-113.5472652,Ball Diamond
St Bernard,53.53427077,-113.4387154,Ball Diamond
North Glenora,53.55516308,-113.5568098,Ball Diamond
McArthur,53.59731036,-113.5476873,Ball Diamond
Northmount,53.60430181,-113.4812357,Ball Diamond
Greenfield,53.47196838,-113.5231736,Ball Diamond
St Hilda,53.47501045,-113.4519336,Ball Diamond
Hairsine,53.60508548,-113.3934624,Ball Diamond
St Pius X,53.57817009,-113.5442204,Ball Diamond
Garneau,53.52256518,-113.51415,Ball Diamond
Mill Woods Park,53.45450707,-113.4426638,Ball Diamond
Terrace Heights,53.54010915,-113.4354555,Ball Diamond
Braemar,53.53114058,-113.4260571,Ball Diamond
St Martha,53.50671048,-113.6367366,Ball Diamond
Bishop Greschuk,53.63623988,-113.4810933,Ball Diamond
Ritchie,53.51123761,-113.4808292,Ball Diamond
St Maria Goretti,53.58568599,-113.4115113,Ball Diamond
St Justin,53.51736419,-113.6214756,Ball Diamond
Forest Heights Park,53.5420426,-113.4588682,Ball Diamond
Tipaskan,53.46269619,-113.4572451,Ball Diamond
Spruce Avenue,53.56471149,-113.4973275,Ball Diamond
Kensington,53.59641443,-113.5290728,Ball Diamond
Grand Trunk,53.59184057,-113.5126034,Ball Diamond
Poplar Park,53.62689749,-113.469149,Ball Diamond
Bishop Savaryn,53.62364705,-113.50602,Ball Diamond
Archbishop Joseph MacNeil,53.46063232,-113.5786184,Ball Diamond
James Gibbons,53.52221782,-113.5847916,Ball Diamond
Twin Brooks,53.44149886,-113.5280999,Ball Diamond
St Brendan,53.52932579,-113.4240724,Ball Diamond
Horse Hills,53.6566131,-113.34216,Ball Diamond
Poplar Park,53.62777967,-113.4709527,Ball Diamond
Lady Prairies,53.49857714,-113.6248274,Ball Diamond
Rosslyn,53.59322111,-113.5144721,Ball Diamond
St Monica,53.49310848,-113.5744385,Ball Diamond
Our Lady of Peace,53.55552713,-113.5966094,Ball Diamond
St Leo,53.57652921,-113.4257919,Ball Diamond
Hardisty,53.54780532,-113.4301589,Ball Diamond
Keheewin,53.44992446,-113.5022536,Ball Diamond
DS McKenzie,53.4771281,-113.5071783,Ball Diamond
St Anne,53.60455773,-113.4841305,Ball Diamond
McKee,53.48581638,-113.5107689,Ball Diamond
Ermineskin,53.4581555,-113.504791,Ball Diamond
The Hamptons,53.49054066,-113.6861611,Ball Diamond
Herb Link,53.62425319,-113.5348276,Ball Diamond
St Gabriel,53.55179398,-113.4240734,Ball Diamond
Rideau Park,53.47786421,-113.5067055,Ball Diamond
Dovercourt,53.57568749,-113.5626836,Ball Diamond
Malmo,53.48346036,-113.5290498,Ball Diamond
Twin Brooks,53.44260364,-113.5288606,Ball Diamond
Airway Park,53.561211,-113.5142895,Ball Diamond
Mill Woods Park,53.4545077,-113.4437955,Ball Diamond
Brookside,53.49256995,-113.5699769,Ball Diamond
Homesteader,53.58760234,-113.4125463,Ball Diamond
Rundle Park,53.55712771,-113.3858929,Ball Diamond
S Bruce Smith,53.48963884,-113.6393898,Ball Diamond
St Elizabeth,53.46991302,-113.4537256,Ball Diamond
Tevie Miller,53.49933712,-113.5272031,Ball Diamond
Belmead,53.5259476,-113.6373745,Ball Diamond
Oliver,53.54448369,-113.5240819,Ball Diamond
St Rose,53.52204007,-113.5700071,Ball Diamond
ME Lazerte,53.60772177,-113.4463177,Ball Diamond
St Martin,53.48953447,-113.5221319,Ball Diamond
Castle Downs,53.6190062,-113.5252628,Ball Diamond
St Cecilia,53.59339234,-113.4794408,Ball Diamond
Fulton Place,53.54594713,-113.4252201,Ball Diamond
McCauley,53.55334917,-113.4840653,Ball Diamond
York Park,53.60140523,-113.4336958,Ball Diamond
Allendale,53.50237753,-113.5029296,Ball Diamond
Velma E Baker,53.48035849,-113.385249,Ball Diamond
Vernon Barford,53.47358895,-113.5411212,Ball Diamond
Dunluce,53.62179669,-113.5261301,Ball Diamond
WP Wagner,53.49883232,-113.4539566,Ball Diamond
Dickinsfield,53.60420188,-113.4801334,Ball Diamond
Coronation Park,53.56131051,-113.5606209,Ball Diamond
Argyll Park,53.50499956,-113.4673625,Ball Diamond
Carlisle Park,53.60501102,-113.5274715,Ball Diamond
Brightview,53.54856221,-113.589304,Ball Diamond
Brookside,53.4924726,-113.5706059,Ball Diamond
Maple Ridge,53.50553579,-113.366917,Ball Diamond
Lee Ridge,53.47150311,-113.4483512,Ball Diamond
Our Lady Of Victories,53.5147673,-113.5931773,Ball Diamond
Mount Royal,53.56802888,-113.4257518,Ball Diamond
Argyll Park,53.50432163,-113.4662912,Ball Diamond
Katherine Therrien,53.61217493,-113.5302133,Ball Diamond
George Luck,53.47435884,-113.5755146,Ball Diamond
Mother Margaret Mary,53.4599644,-113.5828279,Ball Diamond
St Dominic,53.60763731,-113.4319351,Ball Diamond
Westlawn,53.53209597,-113.609061,Ball Diamond
Dunluce,53.62272914,-113.5251751,Ball Diamond
Carlisle Park,53.60618434,-113.527302,Ball Diamond
Hillview,53.46936823,-113.4286527,Ball Diamond
Kenilworth,53.52332238,-113.4351895,Ball Diamond
Winterburn,53.53487347,-113.6862585,Ball Diamond
Elsinore,53.6422739,-113.5029678,Ball Diamond
Forest Heights,53.54615181,-113.4537461,Ball Diamond
Klarvatten,53.63439007,-113.4791065,Ball Diamond
Michaels Park,53.47898918,-113.4487362,Ball Diamond
Goldstick,53.5443722,-113.4034849,Ball Diamond
Elsinore,53.64243758,-113.5076172,Ball Diamond
Clareview Park,53.60435856,-113.4046753,Ball Diamond
Patricia Heights,53.51161458,-113.6057422,Ball Diamond
Scona Annex,53.50917891,-113.5023297,Ball Diamond
The Hamptons,53.49339738,-113.6885489,Ball Diamond
Summerlea,53.52712029,-113.6246262,Ball Diamond
Blue Quill II,53.45786514,-113.5375039,Ball Diamond
Ermineskin,53.45888988,-113.5068048,Ball Diamond
Killarney,53.59182251,-113.4842344,Ball Diamond
Centennial,53.49419104,-113.6243066,Ball Diamond
McKee,53.48559401,-113.5091104,Ball Diamond
Lorelei,53.62418632,-113.5034013,Ball Diamond
Westglen,53.55535225,-113.5418032,Ball Diamond
The Meadows,53.45505988,-113.3698338,Ball Diamond
Hazeldean,53.5038305,-113.4767778,Ball Diamond
Mee Yah Noh,53.58804065,-113.4821605,Ball Diamond
Elizabeth Finch,53.62117944,-113.5584004,Ball Diamond
Capilano,53.55424879,-113.4235043,Ball Diamond
Airway Park,53.56193325,-113.5129017,Ball Diamond
James McCrie Douglas,53.43957526,-113.6125961,Ball Diamond
St Clement,53.44664149,-113.4480584,Ball Diamond
